"gE5TE9uV","=""RT0""","NOT_STARTED","Tue May 07 11:18:03 CEST 2019"
"WHRH56Pv","=""234""","NOT_STARTED","Thu May 16 12:08:39 CEST 2019"
"rSskmZtM","=""234""","NOT_STARTED","Wed May 22 16:09:56 CEST 2019"
"bLM92ynm","=""234""","NOT_STARTED","Fri May 31 17:07:19 CEST 2019"
"qHEBLvz5","=""234""","NOT_STARTED","Wed Jun 12 14:39:34 CEST 2019"
"tJdtjywk","=""002""","NOT_VALID"
"xn68JFWk","=""002""","NOT_VALID"
"y2cQ236k","=""001""","NOT_VALID"
"pmWBCVbL","=""002""","NOT_VALID"
"p7WJyrWk","=""002""","NOT_VALID"
"th683LjM","=""234""","NOT_VALID"
"zxwvaT4U","=""RT0""","NOT_VALID"
"ns5w8nPu","=""002""","NOT_VALID"
"rSFRgUem","=""RT0""","NOT_VALID"
"rBx4zNpv","=""RT0""","NOT_VALID"
"qB59iuWm","=""002""","NOT_VALID"
"pzs73XAD","=""RT0""","NOT_VALID"
"sQuQY7Em","=""RT0""","NOT_VALID"
"pr6irYz5","=""234""","NOT_VALID"
"r8Lhymz5","=""234""","NOT_VALID"
"qMsLk22D","=""234""","NOT_VALID"
"q5NRLyBM","=""234""","NOT_VALID"
"sYU3h8Z5","=""234""","NOT_VALID"
"stW6pXuV","=""002""","NOT_VALID"
"svdyRmnm","=""234""","NOT_VALID"
"R6WxsnEm","=""234""","NOT_VALID"
"ssJn2jtM","=""234""","NOT_VALID"
"rUXyLKVd","=""234""","NOT_VALID"
"tzjbEUh5","=""234""","NOT_VALID"
"XUYPAFR5","=""234""","NOT_VALID"
"gUNyM8aD","=""234""","NOT_VALID"
"sjzZNndd","=""234""","NOT_VALID"
"gDpsA3iD","=""234""","NOT_VALID"
"bkBHawbM","=""234""","NOT_VALID"
"RnWTjYTM","=""234""","NOT_VALID"
"sc27JxaD","=""234""","NOT_VALID"
"rSHQPTTM","=""234""","NOT_VALID"
"XNTjFB7v","=""234""","NOT_VALID"
"XUix7mem","=""234""","NOT_VALID"
"rdbUHTSD","=""234""","NOT_VALID"
"tf8fSxmd","=""234""","NOT_VALID"
"XQ8nTtZ5","=""234""","NOT_VALID"
"WjNGzmxv","=""234""","NOT_VALID"
"Y2n4ZNAD","=""234""","NOT_VALID"
"SSi53dPv","=""234""","NOT_VALID"
"R2iTZgZ5","=""234""","NOT_VALID"
"qM63b9xv","=""234""","NOT_VALID"
"rHdDKzem","=""234""","NOT_VALID"
"gDjKzacV","=""234""","NOT_VALID"
"T23xbvFv","=""234""","NOT_VALID"
"XTYhfusD","=""234""","NOT_VALID"
"Y2tQzAr5","=""234""","NOT_VALID"
"u3C2SFkV","=""RT0""","NOT_VALID"
"pzr6AT6m","=""002""","NOT_VALID"
"b83dvBnm","=""RT0""","NOT_VALID"
"gDKDY8SD","=""RT0""","NOT_VALID"
"cYBxRkDd","=""RT0""","NOT_VALID"
"cPyPHinm","=""RT0""","NOT_VALID"
"d95jnapv","=""RT0""","NOT_VALID"
"gErEH3R5","=""RT0""","NOT_VALID"
"hdQqRFxv","=""RT0""","NOT_VALID"
"rUS7FQnm","=""234""","NOT_VALID"
"hYsct4uV","=""234""","NOT_VALID"
"SNwqaukV","=""234""","NOT_VALID"
"WvbPgyaD","=""234""","NOT_VALID"
"Rjmrkx6m","=""234""","NOT_VALID"
"dHuasTaD","=""234""","NOT_VALID"
"SHGPeQCV","=""234""","NOT_VALID"
"SDy8epvd","=""234""","NOT_VALID"
"tqvffpwm","=""234""","NOT_VALID"
"bCV7zBKM","=""234""","NOT_VALID"
"trz9vMNm","=""234""","NOT_VALID"
"hiUwFScV","=""234""","NOT_VALID"
"h6jiLxr5","=""234""","NOT_VALID"
"brHBVwH5","=""234""","NOT_VALID"
"Y79D5bkV","=""234""","NOT_VALID"
"gPgmcdTM","=""234""","NOT_VALID"
"bmNLASDd","=""234""","NOT_VALID"
"dHMXaiKM","=""234""","NOT_VALID"
"brh2YyiD","=""234""","NOT_VALID"
"R2duzkpv","=""234""","NOT_VALID"
"gqzEevVd","=""234""","NOT_VALID"
"gEJAAMtM","=""234""","NOT_VALID"
"iECFNeem","=""234""","NOT_VALID"
"sZtx4FcV","=""234""","NOT_VALID"
"d3ywgq2D","=""234""","NOT_VALID"
"d47aR43M","=""234""","NOT_VALID"
"SvaVpiXv","=""234""","NOT_VALID"
"gPhqZnEm","=""234""","NOT_VALID"
"RaPEWRiD","=""RT0""","NOT_VALID"
"tfrZMiuV","=""234""","NOT_VALID"
"RqdEFUUV","=""RT0""","NOT_VALID"
"dC5iPdPv","=""RT0""","NOT_VALID"
"Qwz4HFFv","=""002""","NOT_VALID"
"W32zNn2D","=""RT0""","NOT_VALID"
"d8BW56Wm","=""002""","NOT_VALID"
"brabwU2D","=""RT0""","NOT_VALID"
"SKNggMVd","=""RT0""","NOT_VALID"
"RkBjn3nm","=""002""","NOT_VALID"
"iE3zaKTM","=""RT0""","NOT_VALID"
"i9YduHNm","=""RT0""","NOT_VALID"
"grAqUJPv","=""RT0""","NOT_VALID"
"W3VZ6jH5","=""RT0""","NOT_VALID"
"cZ9LjbH5","=""RT0""","NOT_VALID"
"ce5k5Smd","=""RT0""","NOT_VALID"
"bDBGf9r5","=""RT0""","NOT_VALID"
"hanhD7BM","=""RT0""","NOT_VALID"
"gK593mem","=""RT0""","NOT_VALID"
"prrqWtxv","=""RT0""","NOT_VALID"
"dCf7Sx4V","=""RT0""","NOT_VALID"
"cQ7ZFUkV","=""RT0""","NOT_VALID"
"sitnxnEm","=""RT0""","NOT_VALID"
"YBmfBwmd","=""RT0""","NOT_VALID"
"bq6vJJkV","=""RT0""","NOT_VALID"
"rUnvcmwm","=""RT0""","NOT_VALID"
"ssv6KiCV","=""RT0""","NOT_VALID"
"hayzgBMd","=""002""","NOT_VALID"
"hZg9B895","=""234""","NOT_VALID"
"ttxr7wUV","=""234""","NOT_VALID"
"hiArkyuV","=""234""","NOT_VALID"
"qPfhj8Z5","=""ing""","NOT_VALID"
"RePcTHH5","=""ing""","NOT_VALID"
"rfBP47pv","=""ing""","NOT_VALID"
"iE7u9C4V","=""ing""","NOT_VALID"
"gwhGt4bM","=""RT0""","NOT_VALID"
"cRDJPWNm","=""002""","NOT_VALID"
"b8DtaaFv","=""RT0""","NOT_VALID"
"Y7ZFQptM","=""RT0""","NOT_VALID"
"Y7z9QGCV","=""RT0""","NOT_VALID"
"RBiUsrNm","=""RT0""","NOT_VALID"
"gw7zeQMd","=""RT0""","NOT_VALID"
"rTkJvJdd","=""RT0""","NOT_VALID"
"W877UeXv","=""RT0""","NOT_VALID"
"iDLHeW4V","=""RT0""","NOT_VALID"
"bzsqYQ2D","=""RT0""","NOT_VALID"
"rbqC6Qvd","=""RT0""","NOT_VALID"
"WvJHXHjM","=""RT0""","NOT_VALID"
"gSq3ex3M","=""RT0""","NOT_VALID"
"XxaZsQjM","=""RT0""","NOT_VALID"
"SKE5vU2D","=""RT0""","NOT_VALID"
"W7URXM3M","=""RT0""","NOT_VALID"
"rA9wamPv","=""234""","NOT_VALID"
"Riz6yDz5","=""RT0""","NOT_VALID"
"rB8xnPiD","=""RT0""","NOT_VALID"
"WgVBin3M","=""RT0""","NOT_VALID"
"b8DHNW2D","=""RT0""","NOT_VALID"
"grAztHBM","=""RT0""","NOT_VALID"
"qEqfiTiD","=""RT0""","NOT_VALID"
"sTsaudmd","=""RT0""","NOT_VALID"
"hifNvqcV","=""RT0""","NOT_VALID"
"c2WHam2D","=""RT0""","NOT_VALID"
"b9tc557v","=""RT0""","NOT_VALID"
"uDZBAhDd","=""RT0""","NOT_VALID"
"uABEJU4V","=""234""","NOT_VALID"
"iNJSVN5d","=""234""","NOT_VALID"
"gUYVLUjM","=""234""","NOT_VALID"
"rKxKub2D","=""234""","NOT_VALID"
"heGXz5Em","=""RT0""","NOT_VALID"
"bunjKnnm","=""RT0""","NOT_VALID"
"tqScaw4V","=""RT0""","NOT_VALID"
"b9zwhnbM","=""RT0""","NOT_VALID"
"siKuPffv","=""RT0""","NOT_VALID"
"dDwKUN5d","=""RT0""","NOT_VALID"
"bJqfQeh5","=""RT0""","NOT_VALID"
"rMU7sePv","=""RT0""","NOT_VALID"
"cZ72Akh5","=""RT0""","NOT_VALID"
"rKJyLdjM","=""RT0""","NOT_VALID"
"bA5M5aJD","=""RT0""","NOT_VALID"
"bHn8psKM","=""RT0""","NOT_VALID"
"qNSd8J4V","=""RT0""","NOT_VALID"
"WpgWJvcV","=""RT0""","NOT_VALID"
"bNg3GBKM","=""RT0""","NOT_VALID"
"d7axicPv","=""RT0""","NOT_VALID"
"gTPwvPSD","=""RT0""","NOT_VALID"
"bPP6Cqvd","=""RT0""","NOT_VALID"
"q69ePKiD","=""234""","NOT_VALID"
"cYUUhVpv","=""RT0""","NOT_VALID"
"u3a3i8em","=""RT0""","NOT_VALID"
"XV247cMd","=""RT0""","NOT_VALID"
"XJq2Jf7v","=""RT0""","NOT_VALID"
"r9E4WLCV","=""234""","NOT_VALID"
"SvpJZ9xv","=""RT0""","NOT_VALID"
"trunpRpv","=""RT0""","NOT_VALID"
"RB9wMncV","=""RT0""","NOT_VALID"
"hZqgTaZ5","=""RT0""","NOT_VALID"
"Rdsw5h5d","=""RT0""","NOT_VALID"
"gsru3rTM","=""RT0""","NOT_VALID"
"R2sVmbiD","=""RT0""","NOT_VALID"
"SNgpidBM","=""RT0""","NOT_VALID"
"W8jUX4sD","=""RT0""","NOT_VALID"
"tfq3Rxem","=""RT0""","NOT_VALID"
"dDmgS5Em","=""RT0""","NOT_VALID"
"bqN7JnEm","=""RT0""","NOT_VALID"
"WvtcRecV","=""RT0""","NOT_VALID"
"b9NieF95","=""RT0""","NOT_VALID"
"thqKhwTM","=""RT0""","NOT_VALID"
"dH9k5Qdd","=""002""","NOT_VALID"
"gzy9BWR5","=""234""","NOT_VALID"
"T2RCh5pv","=""234""","NOT_VALID"
"YBWDcNXv","=""234""","NOT_VALID"
"gvhKzAxv","=""234""","NOT_VALID"
"R3REjCsD","=""234""","NOT_VALID"
"c33NgzR5","=""234""","NOT_VALID"
"hVSwKMbM","=""RT0""","NOT_VALID"
"Rqek9pFv","=""RT0""","NOT_VALID"
"grbVFsaD","=""RT0""","NOT_VALID"
"dCpVrUAD","=""RT0""","NOT_VALID"
"uCRNDyaD","=""RT0""","NOT_VALID"
"grpAeZ95","=""234""","NOT_VALID"
"stAkKxCV","=""234""","NOT_VALID"
"XTC5TjR5","=""234""","NOT_VALID"
"iHQtCeem","=""234""","NOT_VALID"
"gUViz56m","=""234""","NOT_VALID"
"qMg8VbCV","=""234""","NOT_VALID"
"dJFU93JD","=""234""","NOT_VALID"
"q4uAwcaD","=""RT0""","NOT_VALID"
"R444WRDd","=""234""","NOT_VALID"
"u8gRs8jM","=""234""","NOT_VALID"
"c3q7KwUV","=""234""","NOT_VALID"
"bwsFBABM","=""RT0""","NOT_VALID"
"cX4wyCH5","=""RT0""","NOT_VALID"
"qGcjChtM","=""RT0""","NOT_VALID"
"iKvaxxnm","=""RT0""","NOT_VALID"
"XyTpsanm","=""RT0""","NOT_VALID"
"d6BWkiZ5","=""RT0""","NOT_VALID"
"hkcc3BLV","=""RT0""","NOT_VALID"
"h93KzYtM","=""RT0""","NOT_VALID"
"rYgq5zNm","=""RT0""","NOT_VALID"
"gtbEjLtM","=""RT0""","NOT_VALID"
"XWmUb6sD","=""RT0""","NOT_VALID"
"XVsXdCTM","=""234""","NOT_VALID"
"QynunzjM","=""234""","NOT_VALID"
"XxzHheLV","=""RT0""","NOT_VALID"
"bsD3X8UV","=""234""","NOT_VALID"
"dE7pasFv","=""234""","NOT_VALID"
"WBA79dXv","=""234""","NOT_VALID"
"RcTKgzMd","=""234""","NOT_VALID"
"gQDKnD95","=""RT0""","NOT_VALID"
"hgHbHipv","=""RT0""","NOT_VALID"
"h8Pyj9JD","=""RT0""","NOT_VALID"
"bmuXCJWm","=""RT0""","NOT_VALID"
"hficvXZ5","=""RT0""","NOT_VALID"
"sqAKtucV","=""RT0""","NOT_VALID"
"REAWG4cV","=""RT0""","NOT_VALID"
"bAf2ZZKM","=""RT0""","NOT_VALID"
"RDkd2upv","=""RT0""","NOT_VALID"
"iAG42fJD","=""RT0""","NOT_VALID"
"qTiDqY6m","=""RT0""","NOT_VALID"
"rYuqAkPv","=""RT0""","NOT_VALID"
"hg6jvtbM","=""RT0""","NOT_VALID"
"bsvADmsD","=""RT0""","NOT_VALID"
"iQjRuVWm","=""RT0""","NOT_VALID"
"hhCuqHz5","=""RT0""","NOT_VALID"
"SGeeBCpv","=""RT0""","NOT_VALID"
"iKFTNcr5","=""RT0""","NOT_VALID"
"iAGNNbfv","=""RT0""","NOT_VALID"
"cgdxVjBM","=""RT0""","NOT_VALID"
"RDHAwrZ5","=""RT0""","NOT_VALID"
"REhshMdd","=""RT0""","NOT_VALID"
"R5nhsWWm","=""RT0""","NOT_VALID"
"qSfPYVKM","=""RT0""","NOT_VALID"
"cc5vEpJD","=""RT0""","NOT_VALID"
"XyUhYAZ5","=""234""","NOT_VALID"
"caXbcg5d","=""RT0""","NOT_VALID"
"gtBQcnkV","=""RT0""","NOT_VALID"
"qJj5scKM","=""RT0""","NOT_VALID"
"iLMJJKdd","=""RT0""","NOT_VALID"
"dAqt66xv","=""RT0""","NOT_VALID"
"cfLcdP4V","=""RT0""","NOT_VALID"
"T9GJ5Amd","=""RT0""","NOT_VALID"
"c3fxZ4uV","=""RT0""","NOT_VALID"
"h4SYUTKM","=""234""","NOT_VALID"
"Stj7sK6m","=""RT0""","NOT_VALID"
"XyxFEAR5","=""RT0""","NOT_VALID"
"rCv6ySem","=""RT0""","NOT_VALID"
"guhUjmr5","=""234""","NOT_VALID"
"gUfjMgaD","=""234""","NOT_VALID"
"bEYgX9Xv","=""RT0""","NOT_VALID"
"qQA5Y7Pv","=""RT0""","NOT_VALID"
"hmE6EXDd","=""RT0""","NOT_VALID"
"Xz5DUeXv","=""RT0""","NOT_VALID"
"iBYrpPuV","=""RT0""","NOT_VALID"
"gQtbUWpv","=""RT0""","NOT_VALID"
"T8ppySPv","=""RT0""","NOT_VALID"
"WE3skfWm","=""RT0""","NOT_VALID"
"YDT3Vjz5","=""RT0""","NOT_VALID"
"gUunphh5","=""RT0""","NOT_VALID"
"rfvLeKBM","=""RT0""","NOT_VALID"
"SMAwefCV","=""RT0""","NOT_VALID"
"qJtiZruV","=""RT0""","NOT_VALID"
"gxX4rxfv","=""RT0""","NOT_VALID"
"SLB8ybcV","=""RT0""","NOT_VALID"
"sq3TW5SD","=""RT0""","NOT_VALID"
"Ws8gsA3M","=""RT0""","NOT_VALID"
"T4vdJKiD","=""RT0""","NOT_VALID"
"hWiLnUH5","=""RT0""","NOT_VALID"
"WrcdCijM","=""RT0""","NOT_VALID"
"sx94nqiD","=""RT0""","NOT_VALID"
"sXLyqWXv","=""RT0""","NOT_VALID"
"XQfeEPdd","=""RT0""","NOT_VALID"
"sXQEAR3M","=""RT0""","NOT_VALID"
"h4XmdBFv","=""RT0""","NOT_VALID"
"dBNGinem","=""RT0""","NOT_VALID"
"hXRP8G5d","=""RT0""","NOT_VALID"
"R5MaQSNm","=""RT0""","NOT_VALID"
"bmztDrAD","=""RT0""","NOT_VALID"
"hbsEg8LV","=""RT0""","NOT_VALID"
"u5bRpBdd","=""RT0""","NOT_VALID"
"W6jGvCMd","=""RT0""","NOT_VALID"
"WAZyPQmd","=""002""","NOT_VALID"
"WhhK3XFv","=""RT0""","NOT_VALID"
"gLyjxUCV","=""RT0""","NOT_VALID"
"c3s37yVd","=""RT0""","NOT_VALID"
"SMAWbCkV","=""RT0""","NOT_VALID"
"dK7KD6LV","=""RT0""","NOT_VALID"
"RmcJQUSD","=""RT0""","NOT_VALID"
"sXXZu2Pv","=""RT0""","NOT_VALID"
"YDPgHFaD","=""RT0""","NOT_VALID"
"WDzBMTEm","=""RT0""","NOT_VALID"
"WnNgbELV","=""RT0""","NOT_VALID"
"bmzAamVd","=""RT0""","NOT_VALID"
"XySVPnsD","=""RT0""","NOT_VALID"
"SF6tJnUV","=""RT0""","NOT_VALID"
"R8gpsb3M","=""RT0""","NOT_VALID"
"rFPTqLxv","=""RT0""","NOT_VALID"
"hXqSaR4V","=""RT0""","NOT_VALID"
"WxGAehfv","=""RT0""","NOT_VALID"
"rG7k9ir5","=""RT0""","NOT_VALID"
"WiFhuF3M","=""RT0""","NOT_VALID"
"tn2aE7Pv","=""RT0""","NOT_VALID"
"bnMGsLSD","=""RT0""","NOT_VALID"
"iKDXGYwm","=""RT0""","NOT_VALID"
"gUrzxYbM","=""RT0""","NOT_VALID"
"iEkseedd","=""RT0""","NOT_VALID"
"u7kpMLVd","=""RT0""","NOT_VALID"
"bxwfdQUV","=""RT0""","NOT_VALID"
"riy8C3Em","=""RT0""","NOT_VALID"
"REpfDrcV","=""RT0""","NOT_VALID"
"RkHABhfv","=""RT0""","NOT_VALID"
"XyRzuEfv","=""RT0""","NOT_VALID"
"sfHHfJXv","=""RT0""","NOT_VALID"
"rfRvwWH5","=""RT0""","NOT_VALID"
"bwuRm4md","=""RT0""","NOT_VALID"
"WhE2BeSD","=""ber""","NOT_VALID"
"hWyMhhvd","=""ber""","NOT_VALID"
"cT2rB2KM","=""ber""","NOT_VALID"
"dJutYxnm","=""ber""","NOT_VALID"
"SVLr8HJD","=""RT0""","NOT_VALID"
"QzH8Wxnm","=""RT0""","NOT_VALID"
"h9NJNruV","=""RT0""","NOT_VALID"
"c5HLMXiD","=""RT0""","NOT_VALID"
"uH8gwEkV","=""RT0""","NOT_VALID"
"btfQbVfv","=""RT0""","NOT_VALID"
"bBYgZUfv","=""002""","NOT_VALID"
"gGgPbhiD","=""ber""","NOT_VALID"
"bKMq2UZ5","=""ber""","NOT_VALID"
"WJj5NDKM","=""ber""","NOT_VALID"
"bQWwPJdd","=""ber""","NOT_VALID"
"R9csnZvd","=""ber""","NOT_VALID"
"d5tcKdR5","=""ber""","NOT_VALID"
"cXTftXAD","=""RT0""","NOT_VALID"
"iR2SG3sD","=""RT0""","NOT_VALID"
"btp2NYR5","=""RT0""","NOT_VALID"
"Qz5zKabM","=""RT0""","NOT_VALID"
"sWijaDAD","=""RT0""","NOT_VALID"
"bBVJnDNm","=""RT0""","NOT_VALID"
"dFWUjgXv","=""002""","NOT_VALID"
"gzMRPefv","=""234""","NOT_VALID"
"XygU5wmd","=""RT0""","NOT_VALID"
"RdV3Fdh5","=""002""","NOT_VALID"
"SVpx8TZ5","=""RT0""","NOT_VALID"
"t2igMAH5","=""002""","NOT_VALID"
"gR7wuGwm","=""RT0""","NOT_VALID"
"byH4x4AD","=""RT0""","NOT_VALID"
"rPhtL6BM","=""002""","NOT_VALID"
"T52rR9TM","=""RT0""","NOT_VALID"
"pvy8FBSD","=""002""","NOT_VALID"
"SRWVyU7v","=""RT0""","NOT_VALID"
"cbn2JtbM","=""002""","NOT_VALID"
"hhYb96CV","=""RT0""","NOT_VALID"
"iLhmcyaD","=""RT0""","NOT_VALID"
"twH6zS3M","=""002""","NOT_VALID"
"YE9SgEVd","=""RT0""","NOT_VALID"
"Y6UJn34V","=""RT0""","NOT_VALID"
"gv8LdSuV","=""002""","NOT_VALID"
"gViTmdwm","=""RT0""","NOT_VALID"
"h5GZwu6m","=""002""","NOT_VALID"
"bKVkZ74V","=""RT0""","NOT_VALID"
"sWpDeA2D","=""002""","NOT_VALID"
"bRT2nywm","=""234""","NOT_VALID"
"bpwMAywm","=""RT0""","NOT_VALID"
"hfynLUpv","=""RT0""","NOT_VALID"
"rZknM8nm","=""RT0""","NOT_VALID"
"qGDhdUvd","=""RT0""","NOT_VALID"
"YDgPsTEm","=""RT0""","NOT_VALID"
"dFWagtpv","=""RT0""","NOT_VALID"
"hccKBs2D","=""RT0""","NOT_VALID"
"hfpfvLAD","=""002""","NOT_VALID"
"uG6M3TiD","=""RT0""","NOT_VALID"
"tyGSzGtM","=""002""","NOT_VALID"
"ty8wMxnm","=""RT0""","NOT_VALID"
"iFCyghFv","=""RT0""","NOT_VALID"
"u9D2MYmd","=""234""","NOT_VALID"
"cTUmPs3M","=""234""","NOT_VALID"
"cRjrCdSD","=""234""","NOT_VALID"
"hbu6W36m","=""234""","NOT_VALID"
"gLkYNrEm","=""234""","NOT_VALID"
"sxZXehFv","=""RT0""","NOT_VALID"
"cf9zxS6m","=""RT0""","NOT_VALID"
"hXghzxz5","=""234""","NOT_VALID"
"Sti38Bwm","=""RT0""","NOT_VALID"
"h4QEyzCV","=""ing""","NOT_VALID"
"W6ULPybM","=""ing""","NOT_VALID"
"rFYQGfWm","=""RT0""","NOT_VALID"
"gMCAM6vd","=""RT0""","NOT_VALID"
"bpBSidZ5","=""RT0""","NOT_VALID"
"iQhA7tsD","=""RT0""","NOT_VALID"
"u6r3xTMd","=""RT0""","NOT_VALID"
"hkHNem2D","=""RT0""","NOT_VALID"
"YDfF59AD","=""234""","NOT_VALID"
"dKutNx4V","=""RT0""","NOT_VALID"
"iRgU4ULV","=""RT0""","NOT_VALID"
"tuyQMtR5","=""002""","NOT_VALID"
"dLRSWiXv","=""RT0""","NOT_VALID"
"SLTC2gAD","=""002""","NOT_VALID"
"qHEgsvxv","=""ber""","NOT_VALID"
"dB97TnUV","=""ber""","NOT_VALID"
"hkSS7HH5","=""ber""","NOT_VALID"
"uFuMsWH5","=""ber""","NOT_VALID"
"R5DniHdd","=""ber""","NOT_VALID"
"twAEJjVd","=""ber""","NOT_VALID"
"u5tcJeem","=""ber""","NOT_VALID"
"gv6wxFz5","=""234""","NOT_VALID"
"WJd9UGcV","=""ber""","NOT_VALID"
"hYpkXp95","=""ber""","NOT_VALID"
"iCSzL8Md","=""ber""","NOT_VALID"
"Su8YrC6m","=""ber""","NOT_VALID"
"rYapGHMd","=""234""","NOT_VALID"
"qUJV5uaD","=""ber""","NOT_VALID"
"SGd6JQdd","=""ber""","NOT_VALID"
"cWFVqsh5","=""ber""","NOT_VALID"
"iFFUNQWm","=""ber""","NOT_VALID"
"bGgbsvkV","=""ber""","NOT_VALID"
"iLFgGU7v","=""ber""","NOT_VALID"
"T45b4uBM","=""ber""","NOT_VALID"
"tvCQJabM","=""673""","NOT_VALID"
"tmNRv3vd","=""RT0""","NOT_VALID"
"u7GMuXPv","=""234""","NOT_VALID"
"XVdW3jkV","=""234""","NOT_VALID"
"Sbp6SbSD","=""RT0""","NOT_VALID"
"uJrxZqdd","=""234""","NOT_VALID"
"qUqMcipv","=""234""","NOT_VALID"
"dSSfqgtM","=""RT0""","NOT_VALID"
"T5kPk7aD","=""ber""","NOT_VALID"
"cTNhAT6m","=""234""","NOT_VALID"
"gMDTZb2D","=""234""","NOT_VALID"
"bAVc8f5d","=""RT0""","NOT_VALID"
"bnEBKf2D","=""234""","NOT_VALID"
"iFEySqnm","=""234""","NOT_VALID"
"cwaWCzxv","=""RT0""","NOT_VALID"
"i4pSatjM","=""RT0""","NOT_VALID"
"Sm5bTxcV","=""RT0""","NOT_VALID"
"WbipgTAD","=""002""","NOT_VALID"
"T4yZaFbM","=""ber""","NOT_VALID"
"T5YEGQEm","=""ber""","NOT_VALID"
"tpUDANaD","=""ber""","NOT_VALID"
"gHMJsEAD","=""ber""","NOT_VALID"
"iSUaiVem","=""RT0""","NOT_VALID"
"WVQCcAjM","=""234""","NOT_VALID"
"dNLcmQem","=""234""","NOT_VALID"
"gg3eQUH5","=""234""","NOT_VALID"
"iS4hFNNm","=""RT0""","NOT_VALID"
"cryCreUV","=""RT0""","NOT_VALID"
"igMLgjxv","=""002""","NOT_VALID"
"uMBee6vd","=""RT0""","NOT_VALID"
"cEnzWSTM","=""002""","NOT_VALID"
"i5JjcMVd","=""RT0""","NOT_VALID"
"hBf2JFUV","=""002""","NOT_VALID"
"SXH6gidd","=""RT0""","NOT_VALID"
"dRAmNFkV","=""RT0""","NOT_VALID"
"TLxK2Ur5","=""RT0""","NOT_VALID"
"dXKd9hbM","=""ber""","NOT_VALID"
"iS2Esb4V","=""RT0""","NOT_VALID"
"cyEpeLJD","=""ber""","NOT_VALID"
"dSzcn4H5","=""ber""","NOT_VALID"
"i48PKtZ5","=""RT0""","NOT_VALID"
"cs4H4A5d","=""ber""","NOT_VALID"
"cG59PyaD","=""RT0""","NOT_VALID"
"cFNCaA5d","=""ber""","NOT_VALID"
"hGqhBKdd","=""ber""","NOT_VALID"
"tYbmzM95","=""ber""","NOT_VALID"
"i4DRg8Vd","=""ber""","NOT_VALID"
"TBtjSqfv","=""ber""","NOT_VALID"
"cEq8FBjM","=""ber""","NOT_VALID"
"upZraGTM","=""RT0""","NOT_VALID"
"r2cjWKXv","=""RT0""","NOT_VALID"
"WaRMBKFv","=""RT0""","NOT_VALID"
"hBikpZUV","=""ber""","NOT_VALID"
"uUTviYMd","=""RT0""","NOT_VALID"
"XmwxZvtM","=""RT0""","NOT_VALID"
"TFppWHAD","=""RT0""","NOT_VALID"
"dRLAYFKM","=""RT0""","NOT_VALID"
"hMH9hGAD","=""ber""","NOT_VALID"
"rmPbsdPv","=""RT0""","NOT_VALID"
"RRKbE6tM","=""RT0""","NOT_VALID"
"gn6ZNAR5","=""RT0""","NOT_VALID"
"hsjKdFR5","=""RT0""","NOT_VALID"
"iav45m7v","=""RT0""","NOT_VALID"
"gX5EWWkV","=""RT0""","NOT_VALID"
"iTfmjPfv","=""RT0""","NOT_VALID"
"cn6bMmR5","=""RT0""","NOT_VALID"
"cKRRHU2D","=""RT0""","NOT_VALID"
"bWvMQTLV","=""RT0""","NOT_VALID"
"YFb8WaR5","=""234""","NOT_VALID"
"gfppNQZ5","=""234""","NOT_VALID"
"ug7tzaaD","=""234""","NOT_VALID"
"ufkuN9TM","=""234""","NOT_VALID"
"hyJ7VPr5","=""234""","NOT_VALID"
"bfJEp7jM","=""234""","NOT_VALID"
"XE8dfC95","=""234""","NOT_VALID"
"XEgaAWxv","=""234""","NOT_VALID"
"ifKQuiVd","=""234""","NOT_VALID"
"tDBYqHmd","=""RT1""","NOT_VALID"
"WVVL8umd","=""003""","NOT_VALID"
"hMFr6maD","=""234""","NOT_VALID"
"ghjBgiuV","=""234""","NOT_VALID"
"hnSxqtjM","=""RT1""","NOT_VALID"
"iTi72AjM","=""003""","NOT_VALID"
"hyRF7v3M","=""234""","NOT_VALID"
"qW83piWm","=""234""","NOT_VALID"
"dMFwbE5d","=""ber""","NOT_VALID"
"cpJjE4LV","=""234""","NOT_VALID"
"hBueKZLV","=""234""","NOT_VALID"
"gdHRwv2D","=""ber""","NOT_VALID"
"YHDDAq3M","=""ber""","NOT_VALID"
"tFdEhLXv","=""ber""","NOT_VALID"
"hnT2wFEm","=""ber""","NOT_VALID"
"XFE5FKJD","=""ber""","NOT_VALID"
"YS9dJHZ5","=""ber""","NOT_VALID"
"YWe8PuUV","=""ber""","NOT_VALID"
"gc7dR9sD","=""234""","NOT_VALID"
"gX2G58wm","=""234""","NOT_VALID"
"tX4582Xv","=""ber""","NOT_VALID"
"qpzytScV","=""ber""","NOT_VALID"
"sG5dyabM","=""234""","NOT_VALID"
"TLw4xqNm","=""234""","NOT_VALID"
"dMK6MR4V","=""ber""","NOT_VALID"
"ghbDEfz5","=""ber""","NOT_VALID"
"uXA9WMkV","=""ber""","NOT_VALID"
"tW4TXp5d","=""234""","NOT_VALID"
"rk6nbCBM","=""ber""","NOT_VALID"
"WNHPG8vd","=""ber""","NOT_VALID"
"tXU5V4KM","=""ber""","NOT_VALID"
"qzxc6j2D","=""ber""","NOT_VALID"
"rxWRMKbM","=""ber""","NOT_VALID"
"sEqP3yuV","=""ber""","NOT_VALID"
"RRQY9fJD","=""RT1""","NOT_VALID"
"hxB5ZTH5","=""003""","NOT_VALID"
"dNSD4bpv","=""RT0""","NOT_VALID"
"S8LisBZ5","=""ber""","NOT_VALID"
"uMpt7Snm","=""ber""","NOT_VALID"
"TPqb9eR5","=""ber""","NOT_VALID"
"cnFMFjbM","=""ber""","NOT_VALID"
"tFvU8WDd","=""ber""","NOT_VALID"
"uUWYqMem","=""ber""","NOT_VALID"
"XgVjdVh5","=""ber""","NOT_VALID"
"YW8QFcDd","=""ber""","NOT_VALID"
"XgLkDfsD","=""ber""","NOT_VALID"
"c7HHTB7v","=""ber""","NOT_VALID"
"uX6PtLSD","=""ber""","NOT_VALID"
"XrFxUEFv","=""ber""","NOT_VALID"
"badPRRXv","=""ber""","NOT_VALID"
"ch77Cx3M","=""RT0""","NOT_VALID"
"bfJcj2bM","=""RT0""","NOT_VALID"
"cFYVp3fv","=""RT0""","NOT_VALID"
"qUaCcbh5","=""RT0""","NOT_VALID"
"cnCE7RSD","=""RT0""","NOT_VALID"
"cBhaHetM","=""RT0""","NOT_VALID"
"WSsvacem","=""ber""","NOT_VALID"
"hxktTbjM","=""ber""","NOT_VALID"
"S8XntZPv","=""ber""","NOT_VALID"
"X9kvsh2D","=""ber""","NOT_VALID"
"XdeCG8Md","=""ber""","NOT_VALID"
"igcuwQDd","=""ber""","NOT_VALID"
"tR2KGAr5","=""ber""","NOT_VALID"
"Rukb6NXv","=""ber""","NOT_VALID"
"gkKczfbM","=""ber""","NOT_VALID"
"ShCM3wxv","=""ber""","NOT_VALID"
"cxxmXeem","=""234""","NOT_VALID"
"i4xjUMem","=""234""","NOT_VALID"
"YHSpBZWm","=""RT0""","NOT_VALID"
"sGLFX8r5","=""RT0""","NOT_VALID"
"r2Gb2Wh5","=""RT0""","NOT_VALID"
"XcfyveAD","=""RT0""","NOT_VALID"
"ihCL95Em","=""RT0""","NOT_VALID"
"bWaP4DcV","=""RT0""","NOT_VALID"
"gbrH9VkV","=""RT0""","NOT_VALID"
"XF7AkNKM","=""RT0""","NOT_VALID"
"RySSNSwm","=""RT0""","NOT_VALID"
"YSVgkwCV","=""RT0""","NOT_VALID"
"hubGKBr5","=""RT0""","NOT_VALID"
"S9DDLx6m","=""RT0""","NOT_VALID"
"gdPgKpFv","=""RT0""","NOT_VALID"
"tZ3FZ8aD","=""RT0""","NOT_VALID"
"cp5LtS95","=""234""","NOT_VALID"
"SfmnKLH5","=""234""","NOT_VALID"
"bb7NqHWm","=""234""","NOT_VALID"
"hC7diYnm","=""234""","NOT_VALID"
"WaMMA5tM","=""RT0""","NOT_VALID"
"gnJA5hNm","=""234""","NOT_VALID"
"TR29dusD","=""RT0""","NOT_VALID"
"dShmgRz5","=""RT0""","NOT_VALID"
"XtBYipbM","=""RT0""","NOT_VALID"
"XhHnyrpv","=""RT0""","NOT_VALID"
"iYQz8s6m","=""RT0""","NOT_VALID"
"rvjNvvcV","=""234""","NOT_VALID"
"qYesaS95","=""RT0""","NOT_VALID"
"Xn6nR4Pv","=""RT0""","NOT_VALID"
"tG7hhkz5","=""RT0""","NOT_VALID"
"c5kAFHsD","=""RT0""","NOT_VALID"
"tXpkWABM","=""RT0""","NOT_VALID"
"qeHbJyr5","=""RT0""","NOT_VALID"
"WSYD7KH5","=""RT0""","NOT_VALID"
"gbqnM8LV","=""234""","NOT_VALID"
"ryzM47Dd","=""RT0""","NOT_VALID"
"3NZPQmVpv","=""234""","error: 500"
"39u7wJ3KL","=""234""","error: 500"
"3RuBfqy7u","=""001""","error: 500"
"3LA5qWGxu","=""234""","error: 500"
"3LUp64q6k","=""234""","error: 500"
"3RuBPv96k","=""001""","error: 500"
"36Mvnb2TL","=""002""","error: 500"
"3MeTMUGvc","=""001""","error: 500"
"3LSeQx7pu","=""001""","error: 500"
"3RD3yYSnk","=""001""","error: 500"
"3M8Nf446k","=""002""","error: 500"
"35PCse9Xu","=""RT0""","error: 500"
"3MKTajznk","=""002""","error: 500"
"3SQVFj2jM","=""234""","error: 500"
"3Gcx9VhMc","=""002""","error: 500"
"3RUhnmDTL","=""234""","error: 500"
"3SUVujKMc","=""RT0""","error: 500"
"367F2iq94","=""RT0""","error: 500"
"34ms7Lefu","=""002""","error: 500"
"3DWUizGPv","=""002""","error: 500"
"326hgF95d","=""RT0""","error: 500"
"3FGWjddVd","=""002""","error: 500"
"3SbHE24h5","=""RT0""","error: 500"
"34jKQn5Vd","=""002""","error: 500"
"33NKULyz5","=""RT0""","error: 500"
"3SjAMAdpv","=""002""","error: 500"
"3SPTJygaD","=""RT0""","error: 500"
"35uv5bAbM","=""002""","error: 500"
"36DjeXNWm","=""002""","error: 500"
"33mRa7DiD","=""RT0""","error: 500"
"35uxi5Th5","=""002""","error: 500"
"3CNvqKffv","=""RT0""","error: 500"
"3DxxfTgEm","=""002""","error: 500"
"3QCYMiztM","=""RT0""","error: 500"
"3G68mVFwm","=""002""","error: 500"
"35rdHBskV","=""002""","error: 500"
"3DYrKiBem","=""002""","error: 500"
"3PggVpAmd","=""RT0""","error: 500"
"3Ca5CkDTM","=""002""","error: 500"
"3FJciU3dd","=""234""","error: 500"
"3CjwFMadd","=""234""","error: 500"
"3EmW5AWcV","=""234""","error: 500"
"36MGgXcbM","=""234""","error: 500"
"3FGcJCEpv","=""234""","error: 500"
"33Lv7kXjM","=""234""","error: 500"
"33WButXuV","=""234""","error: 500"
"3Ga8zCNBM","=""234""","error: 500"
"3Cim2GxNm","=""234""","error: 500"
"3GGFHzJh5","=""234""","error: 500"
"3DV7adjEm","=""234""","error: 500"
"3RVCSiFjM","=""234""","error: 500"
"34iyGmTH5","=""234""","error: 500"
"3Dp9k63Fv","=""234""","error: 500"
"34nNPqNsD","=""234""","error: 500"
"363f7tZ6m","=""234""","error: 500"
"3SSXMhMFv","=""234""","error: 500"
"3GE6BZUaD","=""RT0""","error: 500"
"3CDhdwT95","=""234""","error: 500"
"3RJBtWZtM","=""234""","error: 500"
